Nama Toko,Nama Produk,Harga
tiarabunga,Children book bbw,"Rp 40,000"
eliana11,BUKU CPNS 2021 / PANDUAN CPNS 2021 BESTSELLER,"Rp 75,000"
preloved_bynanda,BUKU ONE DIRECTION WHERE WE ARE // DARE TO DREAM [200k/pcs],"Rp 200,000"
cc.preloved,Music primary 1,"Rp 25,000"
v.shop.store,Buku resep masakan,"Rp 15,000"
tatabi17,To all the boys set,"Rp 150,000"
christhrifty,Hamlet - William Shakespeare,"Rp 35,000"
momonshopjkt,Novel,"Rp 10,000"
meniho2405,Mini boardbook animals,"Rp 15,000"
m.hendrata,Kumon thinking skills (pre-K & up),"Rp 200,000"
dinandarefa,Divergent Series,"Rp 100,000"
fcamberley8,Comic Harlequin,"Rp 5,000"
marvelune,Pensil Warna Miniso Double Ended Colored Colours Pencil,"Rp 50,000"
cc.preloved,TOP science 2,"Rp 50,000"
prelovedifashion,Animal Book,"Rp 35,000"
dinandarefa,Negeri 5 Menara Series,"Rp 100,000"
meniho2405,My advanced genius flash card,"Rp 100,000"
nikk_shop,ORI Novel MAYA - Ayu Utami,"Rp 15,000"
buybuybuy____,Buku HSK Level 2,"Rp 40,000"
gutomoshop,Buku Follow @ Merry Riana,"Rp 25,000"
